{
  "emulators": {
    "auth": {
      "port": 9099
    },
    "firestore": {
      "port": 8080,
      "rules": "firestore.rules"
    },
    "database": {
      "port": 9000
    },
    "hosting": {
      "port": 5000
    },
    "storage": {
      "port": 9199,
      "rules": "storage.rules"
    },
    "dataconnect": {
      "port": 6399,
      "dataDir": "dataconnect/.dataconnect/pgliteData"
    },
    "ui": {
      "enabled": true,
      "port": 4000
    },
    "apphosting": {
      "port": 5002,
      "rootDirectory": "./"
    },
    "functions": {
      "port": 5001
    },
    "pubsub": {
      "port": 8085
    },
    "eventarc": {
      "port": 9299
    },
    "tasks": {
      "port": 9499
    },
    "singleProjectMode": false
  },
  "firestore": {
    "rules": "firestore.rules",
    "indexes": "firestore.indexes.json"
  },
  "hosting": {
    "public": "public",
    "ignore": [
      "firebase.json",
      "**/.*",
      "**/node_modules/**"
    ],
    "rewrites": [
      {
        "source": "**",
        "destination": "/index.html"
      }
    ]
  }
}
