{
  "project_info": {
    "project_number": "290670400635",
    "project_id": "pilotgearhub",
    "storage_bucket": "pilotgearhub.firebasestorage.app"
  },
  "client": [
    {
      "client_info": {
        "mobilesdk_app_id": "1:290670400635:android:53c145e0f4d7edf9367ede",
        "android_client_info": {
          "package_name": "com.app.pilotgearhub"
        }
      },
      "oauth_client": [],
      "api_key": [
        {
          "current_key": "AIzaSyAfLC81Hh_Rs0rJRWnEg-wq-w0Y4YmAFsI"
        }
      ],
      "services": {
        "appinvite_service": {
          "other_platform_oauth_client": []
        }
      }
    }
  ],
  "configuration_version": "1"
}